institution,seed_url,source,score,matched_terms,reason
Instituto Balseiro,https://www.ib.edu.ar/academicas/carreras-de-grado/carrera-de-grado_licfisica,homepage,12,carrera|fisica|licenciatura,url:carrera + anchor:licenciatura + stem:fisica + sitemap
Instituto Balseiro,https://www.ib.edu.ar/academicas/maestrias/maestria-en-ciencias-fisicas,homepage,12,ciencias|maestria,url:maestria + anchor:maestria + stem:ciencias + sitemap
Instituto Balseiro,https://www.ib.edu.ar/academicas/maestrias/maestria-en-ingenieria,homepage,12,ingenieria|maestria,url:maestria + anchor:maestria + stem:ingenieria + sitemap
Instituto Balseiro,https://www.ib.edu.ar/academicas/maestrias/maestria_fisica-medica,homepage,12,fisica|maestria,url:maestria + anchor:maestria + stem:fisica + sitemap
Instituto Balseiro,https://www.ib.edu.ar/el-balseiro-convoca-a-inscribirse-en-maestria-en-ingenieria-orientacion-en-telecomunicaciones,sitemap,12,ingenieria|maestria|telecomunicaciones,"url:maestria + stem:ingenieria,telecomunicaciones + sitemap"
Instituto Balseiro,https://www.ib.edu.ar/academicas/doctorados/cs-ingenieria,homepage,11,ciencias|doctorado|ingenieria,"anchor:doctorado + stem:ciencias,ingenieria + sitemap"
Instituto Balseiro,https://www.ib.edu.ar/abrio-la-inscripcion-a-la-maestria-de-fisica-medica-que-dicta-el-balseiro-junto-a-fuesmen,sitemap,10,fisica|maestria,url:maestria + stem:fisica + sitemap
Instituto Balseiro,https://www.ib.edu.ar/abrio-la-inscripcion-de-la-maestria-de-fisica-medica-que-dicta-el-balseiro-junto-a-fuesmen,sitemap,10,fisica|maestria,url:maestria + stem:fisica + sitemap
Instituto Balseiro,https://www.ib.edu.ar/academicas/carreras-de-grado/carrera-de-grado_licfisica/cual-es-el-perfil-de-los-profesionales-del-ib-fisica,sitemap,10,carrera|fisica,url:carrera + stem:fisica + sitemap
Instituto Balseiro,https://www.ib.edu.ar/academicas/carreras-de-grado/carrera-de-grado_licfisica/donde-trabajan-quienes-egresan-del-ib-fisica,sitemap,10,carrera|fisica,url:carrera + stem:fisica + sitemap
Instituto Balseiro,https://www.ib.edu.ar/academicas/carreras-de-grado/carrera-de-grado_licfisica/que-hacen-los-profesionales-del-area-fisica,sitemap,10,carrera|fisica,url:carrera + stem:fisica + sitemap
Instituto Balseiro,https://www.ib.edu.ar/academicas/carreras-de-grado/carrera-de-grado_licfisica/que-se-estudia-fisica,sitemap,10,carrera|fisica,url:carrera + stem:fisica + sitemap
Instituto Balseiro,https://www.ib.edu.ar/academicas/carreras-de-grado/ing-nuclear/que-se-estudia-en-la-carrera-de-ingenieria-nuclear,sitemap,10,carrera|ingenieria,url:carrera + stem:ingenieria + sitemap
Instituto Balseiro,https://www.ib.edu.ar/academicas/carreras-de-grado/ing-telecomunicaciones/que-se-estudia-en-la-carrera-de-ing-en-telecomunicaciones,sitemap,10,carrera|telecomunicaciones,url:carrera + stem:telecomunicaciones + sitemap
Instituto Balseiro,https://www.ib.edu.ar/egresaron-15-nuevos-profesionales-de-la-licenciatura-en-fisica-del-balseiro,sitemap,10,fisica|licenciatura,url:licenciatura + stem:fisica + sitemap
Instituto Balseiro,https://www.ib.edu.ar/el-balseiro-abrio-la-inscripcion-2015-a-la-maestria-en-ciencias-fisicas,sitemap,10,ciencias|maestria,url:maestria + stem:ciencias + sitemap
Instituto Balseiro,https://www.ib.edu.ar/el-balseiro-abrio-la-inscripcion-de-la-maestria-en-fisica-medica,sitemap,10,fisica|maestria,url:maestria + stem:fisica + sitemap
Instituto Balseiro,https://www.ib.edu.ar/el-balseiro-extendio-la-inscripcion-de-la-maestria-en-fisica-medica-hasta-el-31-de-mayo,sitemap,10,fisica|maestria,url:maestria + stem:fisica + sitemap
Instituto Balseiro,https://www.ib.edu.ar/el-balseiro-extiende-la-inscripcion-a-su-escuela-sobre-fisica-de-superficies-y-materiales-2d,sitemap,10,escuela|fisica,url:escuela + stem:fisica + sitemap
Instituto Balseiro,https://www.ib.edu.ar/el-balseiro-inscribe-en-la-maestria-de-ciencias-fisicas,sitemap,10,ciencias|maestria,url:maestria + stem:ciencias + sitemap
Universidad de Buenos Aires - Exactas,https://exactas.uba.ar/ensenanza/cursos-de-posgrado,homepage,11,cursos|posgrado,"url:cursos,posgrado + anchor:cursos,posgrado + sitemap"
Universidad de Buenos Aires - Exactas,https://exactas.uba.ar/computacion-una-carrera-con-historia,sitemap,10,carrera|computacion,url:carrera + stem:computacion + sitemap
Universidad de Buenos Aires - Exactas,https://exactas.uba.ar/cursos-matematica-en-video-youtube,sitemap,10,cursos|matematica,url:cursos + stem:matematica + sitemap
Universidad de Buenos Aires - Exactas,https://exactas.uba.ar/escuela-de-ciencias-informaticas-2022,sitemap,10,ciencias|escuela,url:escuela + stem:ciencias + sitemap
Universidad de Buenos Aires - Exactas,https://exactas.uba.ar/finalizo-la-escuela-de-ciencias-informaticas-2022,sitemap,10,ciencias|escuela,url:escuela + stem:ciencias + sitemap
Universidad de Buenos Aires - Exactas,https://exactas.uba.ar/institucional/concursos/aux-interinos/departamento-de-ciencias-de-la-atmosfera-y-los-oceanos,sitemap,10,ciencias|departamento,url:departamento + stem:ciencias + sitemap
Universidad de Buenos Aires - Exactas,https://exactas.uba.ar/institucional/concursos/aux-interinos/departamento-de-computacion,sitemap,10,computacion|departamento,url:departamento + stem:computacion + sitemap
Universidad de Buenos Aires - Exactas,https://exactas.uba.ar/institucional/concursos/aux-interinos/departamento-de-fisica,sitemap,10,departamento|fisica,url:departamento + stem:fisica + sitemap
Universidad de Buenos Aires - Exactas,https://exactas.uba.ar/institucional/concursos/aux-interinos/departamento-de-matematica,sitemap,10,departamento|matematica,url:departamento + stem:matematica + sitemap
Universidad de Buenos Aires - Exactas,https://exactas.uba.ar/institucional/concursos/aux-interinos/departamento-de-quimica-inorganica-analitica-y-quimica-fisica,sitemap,10,departamento|fisica,url:departamento + stem:fisica + sitemap
Universidad de Buenos Aires - Exactas,https://exactas.uba.ar/institucional/concursos/auxiliares/departamento-de-ciencias-de-la-atmosfera-y-los-oceanos,sitemap,10,ciencias|departamento,url:departamento + stem:ciencias + sitemap
Universidad de Buenos Aires - Exactas,https://exactas.uba.ar/institucional/concursos/auxiliares/departamento-de-ciencias-geologicas,sitemap,10,ciencias|departamento,url:departamento + stem:ciencias + sitemap
Universidad de Buenos Aires - Exactas,https://exactas.uba.ar/institucional/concursos/auxiliares/departamento-de-computacion,sitemap,10,computacion|departamento,url:departamento + stem:computacion + sitemap
Universidad de Buenos Aires - Exactas,https://exactas.uba.ar/institucional/concursos/auxiliares/departamento-de-fisica,sitemap,10,departamento|fisica,url:departamento + stem:fisica + sitemap
Universidad de Buenos Aires - Exactas,https://exactas.uba.ar/institucional/concursos/auxiliares/departamento-de-matematica,sitemap,10,departamento|matematica,url:departamento + stem:matematica + sitemap
Universidad de Buenos Aires - Exactas,https://exactas.uba.ar/institucional/concursos/auxiliares/departamento-de-quimica-inorganica-analitica-y-quimica-fisica,sitemap,10,departamento|fisica,url:departamento + stem:fisica + sitemap
Universidad de Buenos Aires - Exactas,https://exactas.uba.ar/institucional/concursos/prof-interinos/departamento-de-ciencias-de-la-atmosfera-y-los-oceanos,sitemap,10,ciencias|departamento,url:departamento + stem:ciencias + sitemap
Universidad de Buenos Aires - Exactas,https://exactas.uba.ar/institucional/concursos/prof-interinos/departamento-de-computacion-2,sitemap,10,computacion|departamento,url:departamento + stem:computacion + sitemap
Universidad de Buenos Aires - Exactas,https://exactas.uba.ar/institucional/concursos/prof-interinos/departamento-de-fisica,sitemap,10,departamento|fisica,url:departamento + stem:fisica + sitemap
Universidad de Buenos Aires - Exactas,https://exactas.uba.ar/institucional/concursos/prof-interinos/departamento-de-matematica,sitemap,10,departamento|matematica,url:departamento + stem:matematica + sitemap
Universidad de Buenos Aires - FCEN Departamento de Física,https://df.uba.ar/es/estudiantes/doctorado/doctorado-en-fisica,homepage,11,doctorado|fisica,url:doctorado + anchor:doctorado + stem:fisica
Universidad de Buenos Aires - FCEN Departamento de Física,https://df.uba.ar/es/7-novedades/8886-investigadores-del-departamento-de-fisica-participaran-de-un-proyecto-europeo-para-desarrollar-tecnologias-inspiradas-en-el-cerebro-humano,homepage,9,departamento|fisica,url:departamento + stem:fisica
Universidad de Buenos Aires - FCEN Departamento de Física,https://df.uba.ar/es/estudiantes/licenciatura/cursos-on-line,homepage,8,cursos|licenciatura,"url:cursos,licenciatura + anchor:cursos"
Universidad de Buenos Aires - FCEN Departamento de Física,https://df.uba.ar/es/98-home/7448-actividades-academicas-del-departamento,homepage,5,departamento,url:departamento + anchor:departamento
Universidad de Buenos Aires - FCEN Departamento de Física,https://df.uba.ar/es/docentes/paginas-de-materias,homepage,5,materias,url:materias + anchor:materias
Universidad de Buenos Aires - FCEN Departamento de Física,https://df.uba.ar/es/estudiantes/doctorado,homepage,5,doctorado,url:doctorado + anchor:doctorado
Universidad de Buenos Aires - FCEN Departamento de Física,https://df.uba.ar/es/estudiantes/licenciatura,homepage,5,licenciatura,url:licenciatura + anchor:licenciatura
Universidad de Buenos Aires - FCEN Departamento de Física,https://df.uba.ar/es/futuros-estudiantes/programa-de-tutorias,homepage,5,programa,url:programa + anchor:programa
Universidad de Buenos Aires - FCEN Departamento de Física,http://exactas.uba.ar/institucional/programa-de-genero,homepage,3,programa,url:programa
Universidad de Buenos Aires - FCEN Departamento de Física,https://df.uba.ar/es/estudiantes/doctorado/cartas-y-formularios,homepage,3,doctorado,url:doctorado
Universidad de Buenos Aires - FCEN Departamento de Física,https://df.uba.ar/es/estudiantes/doctorado/doctorados-en-curso,homepage,3,doctorado,url:doctorado
Universidad de Buenos Aires - FCEN Departamento de Física,https://df.uba.ar/es/estudiantes/doctorado/jurado-y-defensa,homepage,3,doctorado,url:doctorado
Universidad de Buenos Aires - FCEN Departamento de Física,https://df.uba.ar/es/estudiantes/doctorado/reglamentos,homepage,3,doctorado,url:doctorado
Universidad de Buenos Aires - FCEN Departamento de Física,https://df.uba.ar/es/estudiantes/doctorado/seguimiento,homepage,3,doctorado,url:doctorado
Universidad de Buenos Aires - FCEN Departamento de Física,https://df.uba.ar/es/estudiantes/doctorado/subcomision-secretaria-y-veedores,homepage,3,doctorado,url:doctorado
Universidad de Buenos Aires - FCEN Departamento de Física,https://df.uba.ar/es/estudiantes/doctorado/tesis,homepage,3,doctorado,url:doctorado
Universidad de Buenos Aires - FCEN Departamento de Física,https://df.uba.ar/es/estudiantes/licenciatura/certificados-de-examen,homepage,3,licenciatura,url:licenciatura
Universidad de Buenos Aires - FCEN Departamento de Física,https://df.uba.ar/es/estudiantes/licenciatura/distribucion-de-horarios-y-docentes-estudiantes,homepage,3,licenciatura,url:licenciatura
Universidad de Buenos Aires - FCEN Departamento de Física,https://df.uba.ar/es/estudiantes/licenciatura/finales,homepage,3,licenciatura,url:licenciatura
Universidad de Buenos Aires - FCEN Departamento de Física,https://df.uba.ar/es/estudiantes/licenciatura/info-para-biologos-y-geologos,homepage,3,licenciatura,url:licenciatura
Universidade de São Paulo - Instituto de Física,http://portal.if.usp.br/piec,homepage,12,ciencias|graduacao|pos-graduacao|programa,"anchor:graduacao,pos-graduacao,programa + stem:ciencias"
Universidade de São Paulo - Instituto de Física,http://portal.if.usp.br/cg/licenciatura-em-fisica,homepage,11,fisica|licenciatura,url:licenciatura + anchor:licenciatura + stem:fisica
Universidade de São Paulo - Instituto de Física,http://portal.if.usp.br/pg,homepage,10,fisica|graduacao|pos-graduacao,"anchor:graduacao,pos-graduacao + stem:fisica"
Universidade de São Paulo - Instituto de Física,http://portal.if.usp.br/cpgi,homepage,4,graduacao|pos-graduacao,"anchor:graduacao,pos-graduacao"
Universidade de São Paulo - Instituto de Física,http://portal.if.usp.br/ifusp/node/1929,homepage,4,graduacao|pos-graduacao,"anchor:graduacao,pos-graduacao"
Universidade de São Paulo - Instituto de Física,http://portal.if.usp.br/ifusp/node/7760,homepage,4,graduacao|pos-graduacao,"anchor:graduacao,pos-graduacao"
Universidade de São Paulo - Instituto de Física,https://portal.if.usp.br/fma,homepage,4,fisica|matematica,"stem:fisica,matematica"
Universidade de São Paulo - Instituto de Física,https://portal.if.usp.br/salunos/diplomas-de-graduacao,homepage,3,graduacao,url:graduacao
Universidade Estadual de Campinas - IMECC,https://www.ime.unicamp.br/graduacao/licenciatura-matematica/curriculo,sitemap,21,curriculo|graduacao|licenciatura|matematica,"url:curriculo,graduacao,licenciatura + stem:matematica + curriculum-pattern + sitemap"
Universidade Estadual de Campinas - IMECC,https://www.ime.unicamp.br/graduacao/matematica-aplicada/curriculo,sitemap,18,curriculo|graduacao|matematica,"url:curriculo,graduacao + stem:matematica + curriculum-pattern + sitemap"
Universidade Estadual de Campinas - IMECC,https://www.ime.unicamp.br/graduacao/licenciatura-matematica,homepage,15,graduacao|licenciatura|matematica,"url:graduacao,licenciatura + anchor:licenciatura + stem:matematica + sitemap"
Universidade Estadual de Campinas - IMECC,https://www.ime.unicamp.br/graduacao/matematica/curriculo1,sitemap,15,graduacao|matematica,url:graduacao + stem:matematica + curriculum-pattern + sitemap
Universidade Estadual de Campinas - IMECC,https://www.ime.unicamp.br/graduacao/licenciatura-matematica/ingresso,sitemap,13,graduacao|licenciatura|matematica,"url:graduacao,licenciatura + stem:matematica + sitemap"
Universidade Estadual de Campinas - IMECC,https://www.ime.unicamp.br/informe/pos-graduacao/matematica-aplicada/2026-08-14-093819,homepage,13,graduacao|matematica|pos-graduacao,"url:graduacao + anchor:graduacao,pos-graduacao + stem:matematica"
Universidade Estadual de Campinas - IMECC,https://www.ime.unicamp.br/informe/pos-graduacao/matematica-aplicada/2026-09-03-143532,homepage,13,graduacao|matematica|pos-graduacao,"url:graduacao + anchor:graduacao,pos-graduacao + stem:matematica"
Universidade Estadual de Campinas - IMECC,https://www.ime.unicamp.br/informe/pos-graduacao/matematica/2026-08-31-101820,homepage,13,graduacao|matematica|pos-graduacao,"url:graduacao + anchor:graduacao,pos-graduacao + stem:matematica"
Universidade Estadual de Campinas - IMECC,https://www.ime.unicamp.br/informe/pos-graduacao/matematica/2026-09-04-105812,homepage,13,graduacao|matematica|pos-graduacao,"url:graduacao + anchor:graduacao,pos-graduacao + stem:matematica"
Universidade Estadual de Campinas - IMECC,https://www.ime.unicamp.br/pos-graduacao/matematica-aplicada/coordenacao-programa-pos-graduacao-matematica-aplicada,sitemap,13,graduacao|matematica|programa,"url:graduacao,programa + stem:matematica + sitemap"
Universidade Estadual de Campinas - IMECC,https://www.ime.unicamp.br/pos-graduacao/matematica-aplicada/cursos-verao,sitemap,13,cursos|graduacao|matematica,"url:cursos,graduacao + stem:matematica + sitemap"
Universidade Estadual de Campinas - IMECC,https://www.ime.unicamp.br/pos-graduacao/matematica-aplicada/horario-disciplinas,sitemap,13,disciplinas|graduacao|matematica,"url:disciplinas,graduacao + stem:matematica + sitemap"
Universidade Estadual de Campinas - IMECC,https://www.ime.unicamp.br/pos-graduacao/matematica-aplicada/pos-doutorandos-programa,sitemap,13,graduacao|matematica|programa,"url:graduacao,programa + stem:matematica + sitemap"
Universidade Estadual de Campinas - IMECC,https://www.ime.unicamp.br/pos-graduacao/matematica-aplicada/pos-doutorandos-programa-2013,sitemap,13,graduacao|matematica|programa,"url:graduacao,programa + stem:matematica + sitemap"
Universidade Estadual de Campinas - IMECC,https://www.ime.unicamp.br/pos-graduacao/matematica-aplicada/pos-doutorandos-programa-2014,sitemap,13,graduacao|matematica|programa,"url:graduacao,programa + stem:matematica + sitemap"
Universidade Estadual de Campinas - IMECC,https://www.ime.unicamp.br/pos-graduacao/matematica-aplicada/pos-doutorandos-programa-2015,sitemap,13,graduacao|matematica|programa,"url:graduacao,programa + stem:matematica + sitemap"
Universidade Estadual de Campinas - IMECC,https://www.ime.unicamp.br/pos-graduacao/matematica-aplicada/pos-doutorandos-programa-2016,sitemap,13,graduacao|matematica|programa,"url:graduacao,programa + stem:matematica + sitemap"
Universidade Estadual de Campinas - IMECC,https://www.ime.unicamp.br/pos-graduacao/matematica-aplicada/pos-doutorandos-programa-2017,sitemap,13,graduacao|matematica|programa,"url:graduacao,programa + stem:matematica + sitemap"
Universidade Estadual de Campinas - IMECC,https://www.ime.unicamp.br/pos-graduacao/matematica/coordenacao-programa-pos-graduacao-matematica,sitemap,13,graduacao|matematica|programa,"url:graduacao,programa + stem:matematica + sitemap"
Universidade Estadual de Campinas - IMECC,https://www.ime.unicamp.br/pos-graduacao/matematica/cursos-verao,sitemap,13,cursos|graduacao|matematica,"url:cursos,graduacao + stem:matematica + sitemap"
Pontificia Universidad Católica de Chile - Física,https://fisica.uc.cl/carreras-y-programas/pregrado/licenciatura-en-fisica,homepage,15,fisica|licenciatura|pregrado,"url:licenciatura,pregrado + anchor:licenciatura + stem:fisica + sitemap"
Pontificia Universidad Católica de Chile - Física,https://fisica.uc.cl/2020/07/20/programa-de-presentaciones-orales-de-practica-de-licenciatura-en-fisica,sitemap,13,fisica|licenciatura|programa,"url:licenciatura,programa + stem:fisica + sitemap"
Pontificia Universidad Católica de Chile - Física,https://fisica.uc.cl/2023/08/11/instituto-de-fisica-uc-imparte-la-tercera-version-de-la-escuela-de-fisica-winter-school-topics-on-graviticulas-para-estudiantes-de-postgrado-de-fisica-nacionales,sitemap,13,escuela|fisica|school,"url:escuela,school + stem:fisica + sitemap"
Pontificia Universidad Católica de Chile - Física,https://fisica.uc.cl/2016/06/08/profesores-de-ciencias-participan-en-jornada-de-actualizacion-organizada-por-la-facultad-de-fisica,sitemap,12,ciencias|facultad|fisica,"url:facultad + stem:ciencias,fisica + sitemap"
Pontificia Universidad Católica de Chile - Física,https://fisica.uc.cl/2026/09/11/de-la-uc-a-japon-estudiante-de-fisica-medica-participa-en-escuela-internacional-de-seguridad-nuclear-gracias-a-beca-del-oiea,homepage,12,escuela|fisica,url:escuela + anchor:escuela + stem:fisica + sitemap
Pontificia Universidad Católica de Chile - Física,https://fisica.uc.cl/carreras-y-programas/programas-de-postgrado/doctorado-en-fisica,homepage,12,doctorado|fisica,url:doctorado + anchor:doctorado + stem:fisica + sitemap
Pontificia Universidad Católica de Chile - Física,https://dici.ing.uc.cl/,homepage,10,ciencias|doctorado|ingenieria,"anchor:doctorado + stem:ciencias,ingenieria"
Pontificia Universidad Católica de Chile - Física,https://fisica.uc.cl/2015/10/14/inscripciones-abiertas-para-la-summer-school-medical-physics-in-radiotherapy,sitemap,10,physics|school,url:school + stem:physics + sitemap
Pontificia Universidad Católica de Chile - Física,https://fisica.uc.cl/2015/11/18/alumnos-de-talento-e-inclusion-uc-visitan-la-facultad-de-fisica,sitemap,10,facultad|fisica,url:facultad + stem:fisica + sitemap
Pontificia Universidad Católica de Chile - Física,https://fisica.uc.cl/2015/12/03/alumno-del-instituto-de-fisica-es-uno-de-los-ganadores-del-premio-excelencia-en-tesis-doctoral-2015,sitemap,10,doctoral|fisica,url:doctoral + stem:fisica + sitemap
Pontificia Universidad Católica de Chile - Física,https://fisica.uc.cl/2015/12/18/gran-ceremonia-de-titulacion-para-nuevas-generaciones-de-cientificos-de-la-facultad-de-fisica,sitemap,10,facultad|fisica,url:facultad + stem:fisica + sitemap
Pontificia Universidad Católica de Chile - Física,https://fisica.uc.cl/2016/01/26/nueva-generacion-de-novatos-ingresa-a-la-facultad-de-fisica,sitemap,10,facultad|fisica,url:facultad + stem:fisica + sitemap
Pontificia Universidad Católica de Chile - Física,https://fisica.uc.cl/2016/12/10/two-faculty-positions-in-experimental-or-computational-plasma-physics,sitemap,10,faculty|physics,url:faculty + stem:physics + sitemap
Pontificia Universidad Católica de Chile - Física,https://fisica.uc.cl/2016/12/21/alumnos-de-la-facultad-de-fisica-celebran-su-titulacion,sitemap,10,facultad|fisica,url:facultad + stem:fisica + sitemap
Pontificia Universidad Católica de Chile - Física,https://fisica.uc.cl/2016/12/27/cien-uc-y-decano-de-la-facultad-de-fisica-en-los-medios,sitemap,10,facultad|fisica,url:facultad + stem:fisica + sitemap
Pontificia Universidad Católica de Chile - Física,https://fisica.uc.cl/2017/04/04/se-inaugura-el-nuevo-doctorado-internacional-en-ciencias,sitemap,10,ciencias|doctorado,url:doctorado + stem:ciencias + sitemap
Pontificia Universidad Católica de Chile - Física,https://fisica.uc.cl/2017/08/22/postula-al-doctorado-internacional-en-ciencias,sitemap,10,ciencias|doctorado,url:doctorado + stem:ciencias + sitemap
Pontificia Universidad Católica de Chile - Física,https://fisica.uc.cl/2017/09/27/ven-a-conocer-las-carreras-de-la-facultad-de-fisica-a-la-expo-futuro-novato,sitemap,10,facultad|fisica,url:facultad + stem:fisica + sitemap
Pontificia Universidad Católica de Chile - Física,https://fisica.uc.cl/2017/10/10/facultad-de-fisica-motiva-a-los-futuros-cientificos-en-la-expo-futuro-novato-2017,sitemap,10,facultad|fisica,url:facultad + stem:fisica + sitemap
Pontificia Universidad Católica de Chile - Física,https://fisica.uc.cl/2017/10/27/las-historias-que-unen-al-ganador-del-premio-nobel-con-la-facultad-de-fisica,sitemap,10,facultad|fisica,url:facultad + stem:fisica + sitemap
Universidad de Chile - Facultad de Ciencias,https://ciencias.uchile.cl/facultad/escuelas-y-direcciones/escuelas-de-pregrado/escuela-de-ciencias/presentacion,homepage,17,ciencias|escuela|facultad|pregrado,"url:escuela,facultad,pregrado + anchor:escuela + stem:ciencias"
Universidad de Chile - Facultad de Ciencias,https://ciencias.uchile.cl/carreras/4961/licenciatura-en-ciencias-con-mencion-en-matematica,homepage,11,ciencias|licenciatura|matematica,"url:licenciatura + stem:ciencias,matematica"
Universidad de Chile - Facultad de Ciencias,https://ciencias.uchile.cl/carreras/4981/licenciatura-en-ciencias-con-mencion-en-fisica,homepage,11,ciencias|fisica|licenciatura,"url:licenciatura + stem:ciencias,fisica"
Universidad de Chile - Facultad de Ciencias,https://ciencias.uchile.cl/carreras/4959/licenciatura-en-ciencias-con-mencion-en-biologia,homepage,9,ciencias|licenciatura,url:licenciatura + stem:ciencias
Universidad de Chile - Facultad de Ciencias,https://ciencias.uchile.cl/carreras/4962/licenciatura-en-ciencias-con-mencion-en-quimica,homepage,9,ciencias|licenciatura,url:licenciatura + stem:ciencias
Universidad de Chile - Facultad de Ciencias,https://ciencias.uchile.cl/cursos/110984/postitulo-fundamentos-de-fisica,homepage,9,cursos|fisica,url:cursos + stem:fisica
Universidad de Chile - Facultad de Ciencias,https://ciencias.uchile.cl/cursos/225420/diplomado-en-ciencias-y-ciudadania,homepage,9,ciencias|cursos,url:cursos + stem:ciencias
Universidad de Chile - Facultad de Ciencias,https://ciencias.uchile.cl/postgrados/6279/doctorado-en-ciencias-mencion-en-ecologia-y-biologia-evolutiva,homepage,9,ciencias|doctorado,url:doctorado + stem:ciencias
Universidad de Chile - Facultad de Ciencias,https://uchile.cl/cs161835,homepage,8,ciencias|escuela,anchor:escuela + stem:ciencias
Universidad de Chile - Facultad de Ciencias,https://ciencias.uchile.cl/noticias/244538/facultad-de-ciencias-fue-protagonista-de-neurofest-2026,homepage,6,ciencias|facultad,url:facultad + anchor:facultad + stem:ciencias + low-priority:noticias
Universidad de Chile - Facultad de Ciencias,https://ciencias.uchile.cl/noticias/244749/facultad-de-ciencias-tienden-lazos-en-inter-y-transdisciplinarios,homepage,6,ciencias|facultad,url:facultad + anchor:facultad + stem:ciencias + low-priority:noticias
Universidad de Chile - Facultad de Ciencias,https://www.ciencias.uchile.cl/noticias/244538/facultad-de-ciencias-fue-protagonista-de-neurofest-2026,homepage,6,ciencias|facultad,url:facultad + anchor:facultad + stem:ciencias + low-priority:noticias
Universidad de Chile - Facultad de Ciencias,https://www.ciencias.uchile.cl/noticias/244749/facultad-de-ciencias-tienden-lazos-en-inter-y-transdisciplinarios,homepage,6,ciencias|facultad,url:facultad + anchor:facultad + stem:ciencias + low-priority:noticias
Universidad de Chile - Facultad de Ciencias,https://www.ciencias.uchile.cl/noticias/244750/facultad-de-ciencias-elige-a-nuevas-autoridades-para-el-periodo-2026-2028,homepage,6,ciencias|facultad,url:facultad + anchor:facultad + stem:ciencias + low-priority:noticias
Universidad de Chile - Facultad de Ciencias,https://ciencias.uchile.cl/noticias/244654/record-de-postulaciones-ha-tenido-el-xxv-simposio-chileno-de-fisica,homepage,5,ciencias|facultad|fisica,"anchor:facultad + stem:ciencias,fisica + low-priority:noticias"
Universidad de Chile - Facultad de Ciencias,https://www.ciencias.uchile.cl/facultad,homepage,5,facultad,url:facultad + anchor:facultad
Universidad de Chile - Facultad de Ciencias,https://ciencias.uchile.cl/postgrados/6343/ciencias-mencion-en-fisica-,homepage,4,ciencias|fisica,"stem:ciencias,fisica"
Universidad de Chile - Facultad de Ciencias,https://www.ciencias.uchile.cl/Ciencias/postgrado/magisteres/magister-en-ciencias-con-mencion-en-fisica/ciencias-con-mencion-en-fisica,homepage,4,ciencias|fisica,"stem:ciencias,fisica"
Universidad de Chile - Facultad de Ciencias,https://ciencias.uchile.cl/cursos/90624/diploma-de-postitulo-comunicacion-de-la-ciencia-modalidad-online,homepage,3,cursos,url:cursos
Universidad de Chile - Facultad de Ciencias,https://ciencias.uchile.cl/cursos/97581/diplomado-biologia-del-conocer-y-la-comunicacion-humana,homepage,3,cursos,url:cursos
Universidad de los Andes - Física,https://fisica.uniandes.edu.co/programas/doctorado-ciencias-fisica,homepage,13,ciencias|doctorado|fisica,"url:doctorado + anchor:doctorado + stem:ciencias,fisica"
Universidad de los Andes - Física,https://fisica.uniandes.edu.co/programas/maestria-ciencias-fisica,homepage,13,ciencias|fisica|maestria,"url:maestria + anchor:maestria + stem:ciencias,fisica"
Universidad de los Andes - Física,https://fisica.uniandes.edu.co/soy-estudiante/estudiante-doctorado-en-ciencias-fisica,homepage,13,ciencias|doctorado|fisica,"url:doctorado + anchor:doctorado + stem:ciencias,fisica"
Universidad de los Andes - Física,https://fisica.uniandes.edu.co/soy-estudiante/estudiante-maestria-en-ciencias-fisica,homepage,13,ciencias|fisica|maestria,"url:maestria + anchor:maestria + stem:ciencias,fisica"
Universidad de los Andes - Física,https://fisica.uniandes.edu.co/files/home/destacados/Portafolio_empresarial_Departamento_de_Fisica-Uniandes.pdf,homepage,11,departamento|fisica,url:departamento + stem:fisica + pdf
Universidad de los Andes - Física,https://fisica.uniandes.edu.co/programas/pregrado-fisica,homepage,11,fisica|pregrado,url:pregrado + anchor:pregrado + stem:fisica
Universidad de los Andes - Física,https://fisica.uniandes.edu.co/soy-estudiante/estudiante-pregrado-en-fisica,homepage,11,fisica|pregrado,url:pregrado + anchor:pregrado + stem:fisica
Universidad de los Andes - Física,https://ciencias.uniandes.edu.co/images/documentos/Reg-Profesoral_Ciencias.pdf,homepage,10,ciencias|facultad,anchor:facultad + stem:ciencias + pdf
Universidad de los Andes - Física,https://fisica.uniandes.edu.co/component/content/article/visita-de-ministra-de-ciencia-tecnologia-e-innovacion-a-nuestra-facultad?catid=51,homepage,5,facultad,url:facultad + anchor:facultad
Universidad de los Andes - Física,https://fisica.uniandes.edu.co/scouting-pregrado,homepage,5,pregrado,url:pregrado + anchor:pregrado
Universidad de los Andes - Física,https://fisica.uniandes.edu.co/soy-estudiante/estudiante-ingenieria-ciencias-y-medicina,homepage,4,ciencias|ingenieria,"stem:ciencias,ingenieria"
Universidad de los Andes - Física,https://educacioncontinua.uniandes.edu.co/es/programas/nuestros-cursos?depa=geociencias,homepage,3,cursos,url:cursos
Universidad de los Andes - Física,https://fisica.uniandes.edu.co/departamento/nuestros-profesores,homepage,3,departamento,url:departamento
Universidad de los Andes - Física,https://fisica.uniandes.edu.co/departamento/personal-de-laboratorios,homepage,3,departamento,url:departamento
Universidad de los Andes - Física,https://fisica.uniandes.edu.co/departamento/sobre-nosotros,homepage,3,departamento,url:departamento
Universidad de los Andes - Física,https://gerenciacampus.uniandes.edu.co/Areas-funcionales/Departamento-Medico-SST-y-Centro-Deportivo/Emergencias/Sistema-de-Prevencion-y-Atencion-de-Emergencias-SIPRAE,homepage,3,departamento,url:departamento
UNAM - Facultad de Ciencias,https://www.posgrado.unam.mx/programa/ciencia-e-ingenieria-de-materiales-maestria,homepage,12,ingenieria|maestria|programa,"url:maestria,programa + stem:ingenieria"
UNAM - Facultad de Ciencias,https://www.posgrado.unam.mx/programa/ciencias-de-la-sostenibilidad-maestria,homepage,12,ciencias|maestria|programa,"url:maestria,programa + stem:ciencias"
UNAM - Facultad de Ciencias,https://yucatan.unam.mx/facultad-de-ciencias-sisal,homepage,9,ciencias|facultad,url:facultad + stem:ciencias
UNAM - Facultad de Ciencias,https://www.fciencias.unam.mx/institucion/personal/organizacion/fisica,homepage,8,departamento|fisica,anchor:departamento + stem:fisica
UNAM - Facultad de Ciencias,https://www.fciencias.unam.mx/vida-en-ciencias/actividades/extracurriculares/actividades-culturales,homepage,7,ciencias,stem:ciencias + curriculum-pattern
UNAM - Facultad de Ciencias,https://www.posgrado.unam.mx/programa/astrofisica-maestria,homepage,6,maestria|programa,"url:maestria,programa"
UNAM - Facultad de Ciencias,https://educontinua.fciencias.unam.mx/Pagina2023/cursos.php,homepage,5,cursos,url:cursos + anchor:cursos
UNAM - Facultad de Ciencias,https://www.fciencias.unam.mx/servicios-y-tramites/inscripciones/cursos-intersemestrales,homepage,5,cursos,url:cursos + anchor:cursos
UNAM - Facultad de Ciencias,https://www.fciencias.unam.mx/servicios-y-tramites/posgrado,homepage,5,posgrado,url:posgrado + anchor:posgrado
UNAM - Facultad de Ciencias,http://www.mcc.unam.mx/,homepage,4,computacion|ingenieria,"stem:computacion,ingenieria"
UNAM - Facultad de Ciencias,https://www.fciencias.unam.mx/docencia/horarios/carreras/104,homepage,4,ciencias|computacion,"stem:ciencias,computacion"
UNAM - Facultad de Ciencias,https://www.fciencias.unam.mx/estudiar-en-ciencias/convocatorias/fisica,homepage,4,ciencias|fisica,"stem:ciencias,fisica"
UNAM - Facultad de Ciencias,https://www.fciencias.unam.mx/estudiar-en-ciencias/estudios/especializaciones/espmicroscopia,homepage,4,ciencias|electronica,"stem:ciencias,electronica"
UNAM - Facultad de Ciencias,https://www.fciencias.unam.mx/estudiar-en-ciencias/estudios/especializaciones/fisbachillerato,homepage,4,ciencias|fisica,"stem:ciencias,fisica"
UNAM - Facultad de Ciencias,https://www.fciencias.unam.mx/estudiar-en-ciencias/estudios/licenciaturas/ccomputacion,homepage,4,ciencias|computacion,"stem:ciencias,computacion"
UNAM - Facultad de Ciencias,https://www.fciencias.unam.mx/estudiar-en-ciencias/estudios/licenciaturas/fbiomedica,homepage,4,ciencias|fisica,"stem:ciencias,fisica"
UNAM - Facultad de Ciencias,https://www.fciencias.unam.mx/estudiar-en-ciencias/estudios/licenciaturas/fisica,homepage,4,ciencias|fisica,"stem:ciencias,fisica"
UNAM - Facultad de Ciencias,https://www.fciencias.unam.mx/investigacion/ccomputacion,homepage,4,ciencias|computacion,"stem:ciencias,computacion"
UNAM - Facultad de Ciencias,https://moodle.fciencias.unam.mx/cursos,homepage,3,cursos,url:cursos
UNAM - Facultad de Ciencias,https://www.posgrado.unam.mx/programa/computo-de-alto-rendimiento-especializacion,homepage,3,programa,url:programa
CINVESTAV,https://www.cinvestav.mx/uga-langebio/oferta-academica/convocatorias/symposium-of-the-mexican-proteomics-society,homepage,8,oferta academica,url:oferta academica + curriculum-pattern
CINVESTAV,https://www.cinvestav.mx/Comunidad/Eventos/20176-aniversario-del-departamento-de-computaci243n,homepage,6,computacion|departamento,url:departamento + anchor:departamento + stem:computacion + low-priority:eventos
CINVESTAV,https://cinvestav.mx/Portals/0/sitedocs/programa_institucional_2025-2030.pdf?ver=8hlD5D3EaHxihxqMNJ521w%3D%3D,homepage,5,programa,url:programa + pdf
CINVESTAV,https://www.cinvestav.mx/Portals/0/sitedocs/tmp/00176-Programa-Anual-de-Disposicion-Final-de-Bienes-Muebles-no-utiles-2025.pdf,homepage,5,programa,url:programa + pdf
CINVESTAV,https://www.cinvestav.mx/Portals/0/sitedocs/tmp/05288-Programa-Anual-de-Disposicion-Final-de-Bienes-Muebles-No-Utiles-2026.pdf,homepage,5,programa,url:programa + pdf
Pontificia Universidad Católica del Perú,https://educacioncontinua.pucp.edu.pe/oferta-academica?tipo%5B%5D=cursos-y-talleres&tipo%5B%5D=talleres,homepage,13,cursos|oferta academica,"url:cursos,oferta academica + anchor:cursos + curriculum-pattern"
Pontificia Universidad Católica del Perú,https://www.pucp.edu.pe/cronologia/1933-creacion-de-la-facultad-de-ingenieria-y-la-escuela-de-pedagogia,sitemap,13,escuela|facultad|ingenieria,"url:escuela,facultad + stem:ingenieria + sitemap"
Pontificia Universidad Católica del Perú,https://www.pucp.edu.pe/carrera/ingenieria-de-las-telecomunicaciones/ad-triangle2,sitemap,12,carrera|ingenieria|telecomunicaciones,"url:carrera + stem:ingenieria,telecomunicaciones + sitemap"
Pontificia Universidad Católica del Perú,https://www.pucp.edu.pe/carrera/ingenieria-de-las-telecomunicaciones/ing-telecomuniaciones-03,sitemap,12,carrera|ingenieria|telecomunicaciones,"url:carrera + stem:ingenieria,telecomunicaciones + sitemap"
Pontificia Universidad Católica del Perú,https://www.pucp.edu.pe/carrera/ingenieria-de-las-telecomunicaciones/ing-telecomunicaciones,sitemap,12,carrera|ingenieria|telecomunicaciones,"url:carrera + stem:ingenieria,telecomunicaciones + sitemap"
Pontificia Universidad Católica del Perú,https://www.pucp.edu.pe/carrera/ingenieria-de-las-telecomunicaciones/ing-telecomunicaciones-01,sitemap,12,carrera|ingenieria|telecomunicaciones,"url:carrera + stem:ingenieria,telecomunicaciones + sitemap"
Pontificia Universidad Católica del Perú,https://www.pucp.edu.pe/carrera/ingenieria-de-las-telecomunicaciones/ing-telecomunicaciones-02-2,sitemap,12,carrera|ingenieria|telecomunicaciones,"url:carrera + stem:ingenieria,telecomunicaciones + sitemap"
Pontificia Universidad Católica del Perú,https://www.pucp.edu.pe/carrera/ingenieria-electronica/01a_ing_electronica,sitemap,12,carrera|electronica|ingenieria,"url:carrera + stem:electronica,ingenieria + sitemap"
Pontificia Universidad Católica del Perú,https://www.pucp.edu.pe/carrera/ingenieria-electronica/01b_ing_electronica,sitemap,12,carrera|electronica|ingenieria,"url:carrera + stem:electronica,ingenieria + sitemap"
Pontificia Universidad Católica del Perú,https://www.pucp.edu.pe/carrera/ingenieria-electronica/01c_ing_electronica,sitemap,12,carrera|electronica|ingenieria,"url:carrera + stem:electronica,ingenieria + sitemap"
Pontificia Universidad Católica del Perú,https://www.pucp.edu.pe/carrera/ingenieria-electronica/carrera_pucp-ingenieria_electronica,sitemap,12,carrera|electronica|ingenieria,"url:carrera + stem:electronica,ingenieria + sitemap"
Pontificia Universidad Católica del Perú,https://www.pucp.edu.pe/carrera/ingenieria-electronica/carrera_pucp-ingenieria_electronica2,sitemap,12,carrera|electronica|ingenieria,"url:carrera + stem:electronica,ingenieria + sitemap"
Pontificia Universidad Católica del Perú,https://www.pucp.edu.pe/carrera/ingenieria-electronica/carrera_pucp-ingenieria_electronica3,sitemap,12,carrera|electronica|ingenieria,"url:carrera + stem:electronica,ingenieria + sitemap"
Pontificia Universidad Católica del Perú,https://www.pucp.edu.pe/carrera/ingenieria-electronica/carrera_pucp-ingenieria_electronica4,sitemap,12,carrera|electronica|ingenieria,"url:carrera + stem:electronica,ingenieria + sitemap"
Pontificia Universidad Católica del Perú,https://www.pucp.edu.pe/carrera/ingenieria-electronica/ing-electronica,sitemap,12,carrera|electronica|ingenieria,"url:carrera + stem:electronica,ingenieria + sitemap"
Pontificia Universidad Católica del Perú,https://www.pucp.edu.pe/carrera/ingenieria-electronica/ing-electronica-01,sitemap,12,carrera|electronica|ingenieria,"url:carrera + stem:electronica,ingenieria + sitemap"
Pontificia Universidad Católica del Perú,https://www.pucp.edu.pe/carrera/ingenieria-electronica/ing-electronica-02-2,sitemap,12,carrera|electronica|ingenieria,"url:carrera + stem:electronica,ingenieria + sitemap"
Pontificia Universidad Católica del Perú,https://www.pucp.edu.pe/carrera/ingenieria-electronica/ing-electronica-03,sitemap,12,carrera|electronica|ingenieria,"url:carrera + stem:electronica,ingenieria + sitemap"
Pontificia Universidad Católica del Perú,https://www.pucp.edu.pe/carrera/ingenieria-informatica/ing-informatica,sitemap,12,carrera|informatica|ingenieria,"url:carrera + stem:informatica,ingenieria + sitemap"
Pontificia Universidad Católica del Perú,https://www.pucp.edu.pe/carrera/ingenieria-informatica/ing-informatica-01,sitemap,12,carrera|informatica|ingenieria,"url:carrera + stem:informatica,ingenieria + sitemap"
Universidad de Ingeniería y Tecnología,https://utec.edu.pe/blog-de-carreras/utec/ingenieria-de-la-energia-en-utec-conoce-el-plan-de-estudios-de-esta-carrera,sitemap,13,carrera|ingenieria|plan de estudios,"url:carrera,plan de estudios + stem:ingenieria + curriculum-pattern + sitemap + low-priority:blog"
Universidad de Ingeniería y Tecnología,https://utec.edu.pe/noticias/escuela-de-posgrado-utec-lanza-la-maestria-profesional-en-ingenieria-de-minas,sitemap,11,escuela|ingenieria|maestria|posgrado,"url:escuela,maestria,posgrado + stem:ingenieria + sitemap + low-priority:noticias"
Universidad de Ingeniería y Tecnología,https://utec.edu.pe/facultad/facultad-de-ciencias-basicas,sitemap,10,ciencias|facultad,url:facultad + stem:ciencias + sitemap
Universidad de Ingeniería y Tecnología,https://utec.edu.pe/facultad/facultad-de-computacion,sitemap,10,computacion|facultad,url:facultad + stem:computacion + sitemap
Universidad de Ingeniería y Tecnología,https://utec.edu.pe/facultad/facultad-de-ingenieria,sitemap,10,facultad|ingenieria,url:facultad + stem:ingenieria + sitemap
Universidad de Ingeniería y Tecnología,https://utec.edu.pe/carreras/fisica,homepage,9,carrera|fisica,anchor:carrera + stem:fisica + sitemap
Universidad de Ingeniería y Tecnología,https://utec.edu.pe/blog-de-carreras/ingenieria-industrial/egresada-de-ingenieria-industrial-de-utec-fue-becada-en-el-programa-doctoral-de-ingenieria-industrial-en-university-south-florida-usf,sitemap,8,doctoral|ingenieria|programa,"url:doctoral,programa + stem:ingenieria + sitemap + low-priority:blog"
Universidad de Ingeniería y Tecnología,https://utec.edu.pe/blog-de-carreras/ingenieria-electronica/grad-school-lo-que-me-avisaron-y-no-hice-caso-experiencias-y-consejos-de-un-alumno-en-el-41,sitemap,7,electronica|ingenieria|school,"url:school + stem:electronica,ingenieria + sitemap + low-priority:blog"
Universidad de Ingeniería y Tecnología,https://utec.edu.pe/blog-de-carreras/ingenieria-electronica/utec-alumno-de-ingenieria-electronica-participa-en-programa-nanorepu-2020,sitemap,7,electronica|ingenieria|programa,"url:programa + stem:electronica,ingenieria + sitemap + low-priority:blog"
Universidad de Ingeniería y Tecnología,https://utec.edu.pe/blog-de-carreras/utec/ingenieria-electronica-5-razones-para-estudiar-esta-carrera,sitemap,7,carrera|electronica|ingenieria,"url:carrera + stem:electronica,ingenieria + sitemap + low-priority:blog"
Universidad de Ingeniería y Tecnología,https://utec.edu.pe/blog-de-carreras/utec/ingenieria-electronica-cinco-razones-para-estudiar-esta-carrera,sitemap,7,carrera|electronica|ingenieria,"url:carrera + stem:electronica,ingenieria + sitemap + low-priority:blog"
Universidad de Ingeniería y Tecnología,https://utec.edu.pe/blog/ciencias/por-que-estudiar-carrera-fisica,sitemap,7,carrera|ciencias|fisica,"url:carrera + stem:ciencias,fisica + sitemap + low-priority:blog"
Universidad de Ingeniería y Tecnología,https://utec.edu.pe/noticias/alumnos-de-la-carrera-de-ingenieria-electronica-obtuvieron-el-tercer-puesto-en-el-concurso-de-papers-del-intercon-2015,sitemap,7,carrera|electronica|ingenieria,"url:carrera + stem:electronica,ingenieria + sitemap + low-priority:noticias"
Universidad de Ingeniería y Tecnología,https://utec.edu.pe/noticias/ingenieria-electronica-lo-que-puedes-crear-con-esta-carrera,sitemap,7,carrera|electronica|ingenieria,"url:carrera + stem:electronica,ingenieria + sitemap + low-priority:noticias"
Universidad de Ingeniería y Tecnología,https://utec.edu.pe/blog-de-carreras/ingenieria-ambiental/dia-del-agua-por-que-estudiar-una-carrera-relacionada-al-cuidado-de-este-recurso-natural,sitemap,5,carrera|ingenieria,url:carrera + stem:ingenieria + sitemap + low-priority:blog
Universidad de Ingeniería y Tecnología,https://utec.edu.pe/blog-de-carreras/ingenieria-ambiental/director-de-la-carrera-de-ingenieria-ambiental-de-utec-publica-articulo-cientifico-en-prestigiosa-revista-new-phytologist,sitemap,5,carrera|ingenieria,url:carrera + stem:ingenieria + sitemap + low-priority:blog
Universidad de Ingeniería y Tecnología,https://utec.edu.pe/blog-de-carreras/ingenieria-ambiental/ingenieria-ambiental-la-carrera-que-te-llevara-cuidar-el-medioambiente,sitemap,5,carrera|ingenieria,url:carrera + stem:ingenieria + sitemap + low-priority:blog
Universidad de Ingeniería y Tecnología,https://utec.edu.pe/blog-de-carreras/ingenieria-de-la-energia/aprendizaje-para-la-vida-mi-experiencia-en-el-programa-repu,sitemap,5,ingenieria|programa,url:programa + stem:ingenieria + sitemap + low-priority:blog
Universidad de Ingeniería y Tecnología,https://utec.edu.pe/blog-de-carreras/ingenieria-de-la-energia/el-departamento-de-energia-participo-en-el-1deg-foro-de-energias-renovables-en-veracruz,sitemap,5,departamento|ingenieria,url:departamento + stem:ingenieria + sitemap + low-priority:blog
Universidad de Ingeniería y Tecnología,https://utec.edu.pe/blog-de-carreras/ingenieria-de-la-energia/experiencia-del-programa-misti-en-utec,sitemap,5,ingenieria|programa,url:programa + stem:ingenieria + sitemap + low-priority:blog
Universidad Nacional Mayor de San Marcos - Física,https://fisica.unmsm.edu.pe/formacion-academica/posgrado,homepage,5,posgrado,url:posgrado + anchor:posgrado
Universidad Nacional Mayor de San Marcos - Física,https://fisica.unmsm.edu.pe/formacion-academica/pregrado,homepage,5,pregrado,url:pregrado + anchor:pregrado
Universidad Nacional Mayor de San Marcos - Física,https://fisica.unmsm.edu.pe/informacion-academica/posgrado,homepage,5,posgrado,url:posgrado + anchor:posgrado
Universidad Nacional Mayor de San Marcos - Física,https://fisica.unmsm.edu.pe/informacion-academica/pregrado,homepage,5,pregrado,url:pregrado + anchor:pregrado
Universidad Nacional Mayor de San Marcos - Física,https://fisica.unmsm.edu.pe/produccion-cientifica/abstract-book-international-school-on-fundamental-crystallography-seventh-mathcryst-peru-2024,homepage,5,school,url:school + anchor:school
